{"actions":[],"apps":[{"acl":{"app":[],"field":[],"record":[]},"app":null,"category":{"categories":[],"useCategory":"false"},"form":{"layout":"[{\"id\":null,\"type\":\"ROW\",\"isSubTable\":false,\"var\":null,\"controlList\":[{\"isVirtical\":true,\"styleMap\":{\"width\":193},\"type\":\"SINGLE_CHECK\",\"var\":\"難易度\",\"label\":\"難易度\",\"align\":\"vertical\"},{\"isVirtical\":true,\"styleMap\":{\"width\":193},\"type\":\"DECIMAL\",\"var\":\"クリアタイム\",\"label\":\"クリアタイム\"},{\"isVirtical\":true,\"styleMap\":{\"width\":136},\"type\":\"CREATOR\",\"var\":\"作成者\",\"label\":\"プレイヤー\"},{\"isVirtical\":true,\"styleMap\":{\"width\":196},\"type\":\"MODIFIED_AT\",\"var\":\"更新日時\",\"label\":\"更新日時\"}]},{\"id\":null,\"type\":\"ROW\",\"isSubTable\":false,\"var\":null,\"controlList\":[{\"styleMap\":{\"width\":358,\"height\":28},\"elementId\":\"minesweeper\",\"type\":\"SPACER\"}]},{\"id\":null,\"type\":\"ROW\",\"isSubTable\":false,\"var\":null,\"controlList\":[{\"isVirtical\":true,\"styleMap\":{\"width\":193},\"type\":\"DECIMAL\",\"var\":\"フィールド幅\",\"label\":\"フィールド幅（カスタム）\"},{\"isVirtical\":true,\"styleMap\":{\"width\":218},\"type\":\"DECIMAL\",\"var\":\"フィールド高さ\",\"label\":\"フィールド高さ（カスタム）\"},{\"isVirtical\":true,\"styleMap\":{\"width\":193},\"type\":\"DECIMAL\",\"var\":\"爆弾比率\",\"label\":\"爆弾比率（カスタム）\"}]},{\"id\":null,\"type\":\"ROW\",\"isSubTable\":false,\"var\":null,\"controlList\":[{\"isVirtical\":true,\"styleMap\":{\"width\":253},\"type\":\"MULTIPLE_CHECK\",\"var\":\"プレイ設定\",\"label\":\"プレイ設定\",\"align\":\"vertical\"}]},{\"id\":null,\"type\":\"ROW\",\"isSubTable\":false,\"var\":null,\"controlList\":[{\"styleMap\":{\"width\":664},\"type\":\"HR\"}]},{\"id\":null,\"type\":\"ROW\",\"isSubTable\":false,\"var\":null,\"controlList\":[{\"isVirtical\":true,\"styleMap\":{},\"canvasData\":[{\"id\":null,\"type\":\"ROW\",\"isSubTable\":false,\"var\":null,\"controlList\":[{\"isVirtical\":true,\"styleMap\":{\"width\":193},\"type\":\"SINGLE_LINE_TEXT\",\"var\":\"ステージコード\",\"label\":\"ステージコード\"},{\"isVirtical\":true,\"styleMap\":{\"width\":193},\"type\":\"SINGLE_LINE_TEXT\",\"var\":\"チェックステータス\",\"label\":\"チェックステータス\"}]},{\"id\":null,\"type\":\"ROW\",\"isSubTable\":false,\"var\":null,\"controlList\":[{\"isVirtical\":true,\"styleMap\":{\"width\":386,\"height\":121,\"innerHeight\":84},\"type\":\"MULTIPLE_LINE_TEXT\",\"var\":\"プレイログ\",\"label\":\"プレイログ\"}]}],\"type\":\"GROUP\",\"var\":\"管理情報\",\"label\":\"管理情報\"}]}]","revision":null},"iconMeta":{"internalName":null,"mime":"image/png","name":"minesweeper.png"},"info":{"code":null,"decimalPrecision":"16","decimalScale":"4","description":"\u003Cdiv\u003E●遊び方\u003Cdiv\u003E爆弾が隠れています。安全な地面をすべて当ててください。\u003C/div\u003E\u003Cdiv\u003E地面を掘ると周囲８マスに埋まっている爆弾の数が表示されます。\u003C/div\u003E\u003Cdiv\u003E・左クリック\u003Cbr /\u003E\u003C/div\u003E\u003Cdiv\u003E　セルを掘ります。爆弾だった場合はゲームオーバーです。\u003C/div\u003E\u003Cdiv\u003E・右クリック\u003C/div\u003E\u003Cdiv\u003E　セルに旗を立てます。爆弾だと思う場所の目印です。\u003C/div\u003E\u003Cdiv\u003E　もういちど右クリックすると旗が消えます。\u003C/div\u003E\u003Cdiv\u003E　「クエスチョンマークを使う」設定にしていると、旗からクエスチョンマークになります。\u003C/div\u003E\u003C/div\u003E\u003Cdiv\u003E\u003Cbr /\u003E\u003C/div\u003E\u003Cdiv\u003E●ランキング\u003C/div\u003E\u003Cdiv\u003Eクリアすると自動的にクリア情報が保存されてステータスが「クリア済み」になります。\u003C/div\u003E\u003Cdiv\u003Eクリア済みデータは削除できません。\u003C/div\u003E\u003Cdiv\u003E（※手動でクリア済みにしたデータは削除できます）\u003C/div\u003E\u003Cdiv\u003E\u003Cbr /\u003E\u003C/div\u003E\u003Cdiv\u003Ever 1.0.0\u003C/div\u003E\u003Cdiv\u003E\u003Ca href=\"https://spica.tokyo\"\u003Espica.tokyo\u003C/a\u003E\u003C/div\u003E","enableBulkDeletion":"false","fiscalYearStartMonth":"4","iconKey":"40022","iconType":"BLOB","jsFiles":null,"jsScope":"ALL","name":"マインスイーパ","roundingMode":"HALF_EVEN","theme":"PLAIN","titleComponentLocalId":null,"useComment":"true","useHistory":"true","useThumbnail":"true"},"jsFiles":[{"jsFileMetas":[{"internalName":null,"locationType":"BLOB","mime":"application/javascript","name":"ms_app_mobile.js","url":null}],"jsType":"MOBILE"},{"jsFileMetas":[{"internalName":null,"locationType":"URL","mime":null,"name":null,"url":"https://js.cybozu.com/jquery/3.2.1/jquery.min.js"},{"internalName":null,"locationType":"BLOB","mime":"application/javascript","name":"minesweeper.js","url":null},{"internalName":null,"locationType":"BLOB","mime":"application/javascript","name":"ms_app.js","url":null}],"jsType":"DESKTOP"},{"jsFileMetas":[{"internalName":null,"locationType":"BLOB","mime":"text/css","name":"minesweeper.css","url":null}],"jsType":"DESKTOP_CSS"}],"notification":{"appNotifications":[{"events":["RECORD_COMMENT_ADDED"],"target":{"entityId":"5384770","entityType":"FIELD_ENTITY","includeSubs":"false"}},{"events":["RECORD_COMMENT_ADDED"],"target":{"entityId":"5384771","entityType":"FIELD_ENTITY","includeSubs":"false"}}],"recordNotifications":[],"reminderTimezone":null,"reminders":[],"useComment":"true","useReminder":"false"},"plugin":{"pluginIds":[]},"reports":[],"resource":{"tables":[{"rows":[{"fields":[],"objectId":"0","subObjectId":"-1"}],"type":"AppName"},{"rows":[{"fields":[],"objectId":"0","subObjectId":"-1"}],"type":"AppDescription"},{"rows":[{"fields":[],"objectId":"5384769","subObjectId":"-1"},{"fields":[],"objectId":"5384770","subObjectId":"-1"},{"fields":[],"objectId":"5384771","subObjectId":"-1"},{"fields":[],"objectId":"5384772","subObjectId":"-1"},{"fields":[],"objectId":"5384773","subObjectId":"-1"},{"fields":[],"objectId":"5384774","subObjectId":"-1"},{"fields":[],"objectId":"5384775","subObjectId":"-1"},{"fields":[],"objectId":"5384776","subObjectId":"-1"},{"fields":[],"objectId":"5384793","subObjectId":"-1"},{"fields":[],"objectId":"5384793","subObjectId":"5384783"},{"fields":[],"objectId":"5384793","subObjectId":"5384784"},{"fields":[],"objectId":"5384793","subObjectId":"5384788"},{"fields":[],"objectId":"5384793","subObjectId":"5384787"},{"fields":[],"objectId":"5384793","subObjectId":"5384786"},{"fields":[],"objectId":"5384793","subObjectId":"5384785"},{"fields":[],"objectId":"5384794","subObjectId":"-1"},{"fields":[],"objectId":"5384795","subObjectId":"-1"},{"fields":[],"objectId":"5384804","subObjectId":"-1"},{"fields":[],"objectId":"5384805","subObjectId":"-1"},{"fields":[],"objectId":"5384806","subObjectId":"-1"},{"fields":[],"objectId":"5384811","subObjectId":"-1"},{"fields":[],"objectId":"5384811","subObjectId":"5384809"},{"fields":[],"objectId":"5384823","subObjectId":"-1"},{"fields":[],"objectId":"5384825","subObjectId":"-1"}],"type":"FieldLabel"},{"rows":[{"fields":[],"objectId":"5384830","subObjectId":"-1"},{"fields":[],"objectId":"5384803","subObjectId":"-1"},{"fields":[],"objectId":"5384832","subObjectId":"-1"},{"fields":[],"objectId":"5384834","subObjectId":"-1"},{"fields":[],"objectId":"5384836","subObjectId":"-1"},{"fields":[],"objectId":"5384808","subObjectId":"-1"},{"fields":[],"objectId":"5384801","subObjectId":"-1"},{"fields":[],"objectId":"20","subObjectId":"-1"}],"type":"ViewName"},{"rows":[{"fields":[],"objectId":"5384796","subObjectId":"-1"},{"fields":[],"objectId":"5384797","subObjectId":"-1"}],"type":"StatusState"},{"rows":[{"fields":[],"objectId":"5384799","subObjectId":"-1"}],"type":"StatusAction"}]},"schema":{"groups":[{"childLocalId":"5384795","vtComponentLocalId":"5384828"},{"childLocalId":"5384823","vtComponentLocalId":"5384828"},{"childLocalId":"5384825","vtComponentLocalId":"5384828"}],"revision":null,"subTable":{},"table":{"fieldList":{"5384769":{"id":"5384769","label":"レコード番号","properties":{"noLabel":"false","required":"true"},"type":"RECORD_ID","var":"レコード番号"},"5384770":{"id":"5384770","label":"更新者","properties":{"noLabel":"false","required":"true"},"type":"MODIFIER","var":"更新者"},"5384771":{"id":"5384771","label":"プレイヤー","properties":{"noLabel":"false","required":"true"},"type":"CREATOR","var":"作成者"},"5384772":{"id":"5384772","label":"更新日時","properties":{"noLabel":"false","required":"true"},"type":"MODIFIED_AT","var":"更新日時"},"5384773":{"id":"5384773","label":"作成日時","properties":{"noLabel":"false","required":"true"},"type":"CREATED_AT","var":"作成日時"},"5384774":{"id":"5384774","label":"ステータス","properties":{"noLabel":"false","required":"false"},"type":"STATUS","var":"ステータス"},"5384775":{"id":"5384775","label":"作業者","properties":{"noLabel":"false","required":"false"},"type":"STATUS_ASSIGNEE","var":"作業者"},"5384776":{"id":"5384776","label":"カテゴリー","properties":{"noLabel":"false","required":"false"},"type":"CATEGORY","var":"カテゴリー"},"5384793":{"id":"5384793","label":"難易度","properties":{"defaultValue":"5384784","noLabel":"false","options":[{"id":"5384783","label":"easy","valid":true},{"id":"5384784","label":"normal","valid":true},{"id":"5384788","label":"hard","valid":true},{"id":"5384787","label":"expert","valid":true},{"id":"5384786","label":"mania","valid":true},{"id":"5384785","label":"custom","valid":true}],"required":"true"},"type":"SINGLE_CHECK","var":"難易度"},"5384794":{"id":"5384794","label":"クリアタイム","properties":{"defaultValue":null,"digit":"false","displayScale":null,"max":null,"min":null,"noLabel":"false","required":"false","roundingMode":null,"scale":null,"unique":"false","unit":"","unitPosition":"BEFORE"},"type":"DECIMAL","var":"クリアタイム"},"5384795":{"id":"5384795","label":"ステージコード","properties":{"defaultValue":"","expression":"","hideExpression":"false","max":null,"min":null,"noLabel":"false","required":"false","unique":"false"},"type":"SINGLE_LINE_TEXT","var":"ステージコード"},"5384804":{"id":"5384804","label":"フィールド幅（カスタム）","properties":{"defaultValue":null,"digit":"false","displayScale":null,"max":null,"min":"1","noLabel":"false","required":"false","roundingMode":null,"scale":null,"unique":"false","unit":"","unitPosition":"BEFORE"},"type":"DECIMAL","var":"フィールド幅"},"5384805":{"id":"5384805","label":"フィールド高さ（カスタム）","properties":{"defaultValue":null,"digit":"false","displayScale":null,"max":null,"min":"1","noLabel":"false","required":"false","roundingMode":null,"scale":null,"unique":"false","unit":"","unitPosition":"BEFORE"},"type":"DECIMAL","var":"フィールド高さ"},"5384806":{"id":"5384806","label":"爆弾比率（カスタム）","properties":{"defaultValue":null,"digit":"false","displayScale":null,"max":null,"min":"1","noLabel":"false","required":"false","roundingMode":null,"scale":null,"unique":"false","unit":"","unitPosition":"BEFORE"},"type":"DECIMAL","var":"爆弾比率"},"5384811":{"id":"5384811","label":"プレイ設定","properties":{"defaultValue":[],"noLabel":"false","options":[{"id":"5384809","label":"クエスチョンマークを使う","valid":true}],"required":"false"},"type":"MULTIPLE_CHECK","var":"プレイ設定"},"5384823":{"id":"5384823","label":"チェックステータス","properties":{"defaultValue":"","expression":"","hideExpression":"false","max":null,"min":null,"noLabel":"false","required":"false","unique":"false"},"type":"SINGLE_LINE_TEXT","var":"チェックステータス"},"5384825":{"id":"5384825","label":"プレイログ","properties":{"defaultValue":"","noLabel":"false","required":"false"},"type":"MULTIPLE_LINE_TEXT","var":"プレイログ"},"5384828":{"id":"5384828","label":"管理情報","properties":{"noLabel":"false","open":"false","required":"false"},"type":"GROUP","var":"管理情報"}},"id":"1","label":"__ROOT__","var":"__ROOT__"}},"status":{"actions":[{"app":null,"assignees":[],"filter":"5384798","from":"5384796","fromLabel":null,"id":"5384799","label":"クリア済みにする","record":null,"revision":null,"to":"5384797","toApprovalType":null,"toLabel":null}],"filters":[{"condition":"","id":"5384798","state":"5384796"}],"initialStateId":"5384796","states":[{"approvalType":"ONE","assignees":[{"entityId":"5384771","entityName":"プレイヤー","entityType":"FIELD_ENTITY","includeSubs":"false"}],"id":"5384796","initial":true,"label":"未クリア","valid":true},{"approvalType":"ONE","assignees":[],"id":"5384797","initial":false,"label":"クリア済","valid":true}],"useStatus":"true"},"uuid":"e34359a7-290d-4ecb-8a53-ab088e25afc8","views":[{"advancedMode":"false","builtinType":null,"fields":[{"row":[{"id":"5384771"},{"id":"5384794"},{"id":"5384793"},{"id":"5384772"}]}],"filter":{"category":null,"offset":null,"order":["ASC"],"q":"f5384774 in (\"5384797\") and f5384823 = \"correct\" and f5384793 in (\"5384783\")","size":null,"sort":["f5384794"]},"html":null,"keyFieldId":null,"name":"Easy ランキング","pager":null,"revision":null,"titleFieldId":null,"view":"5384830","viewType":"LIST"},{"advancedMode":"false","builtinType":null,"fields":[{"row":[{"id":"5384771"},{"id":"5384794"},{"id":"5384793"},{"id":"5384772"}]}],"filter":{"category":null,"offset":null,"order":["ASC"],"q":"f5384774 in (\"5384797\") and f5384823 = \"correct\" and f5384793 in (\"5384784\")","size":null,"sort":["f5384794"]},"html":null,"keyFieldId":null,"name":"Normal ランキング","pager":null,"revision":null,"titleFieldId":null,"view":"5384803","viewType":"LIST"},{"advancedMode":"false","builtinType":null,"fields":[{"row":[{"id":"5384771"},{"id":"5384794"},{"id":"5384793"},{"id":"5384772"}]}],"filter":{"category":null,"offset":null,"order":["ASC"],"q":"f5384774 in (\"5384797\") and f5384823 = \"correct\" and f5384793 in (\"5384788\")","size":null,"sort":["f5384794"]},"html":null,"keyFieldId":null,"name":"Hard ランキング","pager":null,"revision":null,"titleFieldId":null,"view":"5384832","viewType":"LIST"},{"advancedMode":"false","builtinType":null,"fields":[{"row":[{"id":"5384771"},{"id":"5384794"},{"id":"5384793"},{"id":"5384772"}]}],"filter":{"category":null,"offset":null,"order":["ASC"],"q":"f5384774 in (\"5384797\") and f5384823 = \"correct\" and f5384793 in (\"5384787\")","size":null,"sort":["f5384794"]},"html":null,"keyFieldId":null,"name":"Expert ランキング","pager":null,"revision":null,"titleFieldId":null,"view":"5384834","viewType":"LIST"},{"advancedMode":"false","builtinType":null,"fields":[{"row":[{"id":"5384771"},{"id":"5384794"},{"id":"5384793"},{"id":"5384772"}]}],"filter":{"category":null,"offset":null,"order":["ASC"],"q":"f5384774 in (\"5384797\") and f5384823 = \"correct\" and f5384793 in (\"5384786\")","size":null,"sort":["f5384794"]},"html":null,"keyFieldId":null,"name":"Mania ランキング","pager":null,"revision":null,"titleFieldId":null,"view":"5384836","viewType":"LIST"},{"advancedMode":"false","builtinType":null,"fields":[{"row":[{"id":"5384769"},{"id":"5384774"},{"id":"5384771"},{"id":"5384794"},{"id":"5384793"},{"id":"5384772"}]}],"filter":{"category":null,"offset":null,"order":["DESC"],"q":null,"size":null,"sort":["f5384772"]},"html":null,"keyFieldId":null,"name":"プレイヤーが自分","pager":null,"revision":null,"titleFieldId":null,"view":"5384808","viewType":"LIST"},{"advancedMode":"false","builtinType":"ASSIGN","fields":[{"row":[{"id":"5384769"},{"id":"5384793"},{"id":"5384794"},{"id":"5384795"},{"id":"5384774"},{"id":"5384775"}]}],"filter":{"category":null,"offset":null,"order":[],"q":"f5384775 in (LOGINUSER())","size":null,"sort":[]},"html":null,"keyFieldId":null,"name":"（作業者が自分）","pager":null,"revision":null,"titleFieldId":null,"view":"5384801","viewType":"LIST"},{"advancedMode":null,"builtinType":"ALL","fields":[{"row":[{"id":"5384769"},{"id":"5384793"},{"id":"5384794"},{"id":"5384795"},{"id":"5384774"},{"id":"5384775"},{"id":"5384804"},{"id":"5384805"},{"id":"5384806"},{"id":"5384811"},{"id":"5384823"},{"id":"5384825"}]}],"filter":{"category":null,"offset":null,"order":[],"q":null,"size":null,"sort":[]},"html":null,"keyFieldId":null,"name":"（すべて）","pager":null,"revision":null,"titleFieldId":null,"view":"20","viewType":"LIST"}]}],"description":"マインスイーパです。\nランキング機能付き。","iconKey":"2017120823460065B1BCB6F13040BABDFE368544518045307","iconMeta":{"internalName":null,"mime":"image/png","name":"minesweeper.png"},"iconSrcAppId":"e34359a7-290d-4ecb-8a53-ab088e25afc8","iconType":"BLOB","imagesMeta":[{"internalName":null,"mime":"image/png","name":"ms_ss1.png"}],"lookups":[],"name":"マインスイーパ","references":[],"version":"20"}